"ID","Description","setSize","enrichmentScore","NES","pvalue","p.adjust","qvalue","rank","leading_edge","core_enrichment","analysis_group"
"GO:0031674","I band",51,-0.593774570559632,-1.96176425319232,3.34270371101616e-05,0.0146076152171406,0.00570100014786841,901,"tags=37%, list=17%, signal=31%","O00499/Q9NY72/P11532/Q9GZV1/Q13936/O75112/Q9NR12/O00151/O60237/Q8WZ42/Q14BN4/Q9BYV2/P02730/Q5VST9/Q86YM7/P35609/P20929/Q01484/P50461","stroke_of_undetermined_etiology"
"GO:0030018","Z disc",47,-0.604592887039287,-1.96429672134147,4.55311989477297e-05,0.0198516027412102,0.00570100014786841,901,"tags=38%, list=17%, signal=32%","O00499/Q9NY72/P11532/Q13936/O75112/Q9NR12/O00151/O60237/Q8WZ42/Q14BN4/Q9BYV2/P02730/Q5VST9/Q86YM7/P35609/P20929/Q01484/P50461","stroke_of_undetermined_etiology"
"GO:0030017","sarcomere",75,-0.540519582241273,-1.9058667390174,4.59271212692575e-05,0.019978297752127,0.00570100014786841,901,"tags=36%, list=17%, signal=30%","O00499/Q9NY72/P11532/Q9GZV1/Q13936/O75112/Q9NR12/O00151/O60237/Q8WZ42/Q14BN4/Q9BYV2/P02730/Q5VTT5/Q14324/Q00872/P54296/Q8N3K9/Q5VST9/Q86YM7/P05976/Q13203/P35609/P12882/P20929/Q01484/P50461","stroke_of_undetermined_etiology"
"GO:0030016","myofibril",86,-0.51830246655036,-1.88292594318261,5.62696118490908e-05,0.0244210115425054,0.00570100014786841,901,"tags=34%, list=17%, signal=29%","O00499/Q9NY72/P31431/P11532/Q9GZV1/Q13936/O75112/Q9NR12/O00151/O60237/Q8WZ42/Q14BN4/Q9BYV2/P02730/Q5VTT5/Q14324/Q00872/P54296/Q8N3K9/Q5VST9/Q86YM7/P05976/Q13203/P35609/Q5VU43/P12882/P20929/Q01484/P50461","stroke_of_undetermined_etiology"
"GO:0043292","contractile muscle fiber",92,-0.499386327337967,-1.81013073478263,7.21318140641094e-05,0.0312330754897594,0.0058464733504594,901,"tags=33%, list=17%, signal=28%","O00499/Q9NY72/P31431/P11532/Q9GZV1/Q13936/O75112/Q9NR12/O00151/O60237/Q8WZ42/Q14BN4/Q9BYV2/Q96A32/P02730/Q5VTT5/Q14324/Q00872/P54296/Q8N3K9/Q5VST9/Q86YM7/P05976/Q13203/P35609/Q5VU43/P12882/P20929/Q01484/P50461","stroke_of_undetermined_etiology"
