"ID","Description","setSize","enrichmentScore","NES","pvalue","p.adjust","qvalue","rank","leading_edge","core_enrichment","analysis_group"
"hsa04611","Platelet activation",45,-0.609304087468959,-2.06735523956517,2.39833777620104e-05,0.00702712968426904,0.0060945718330281,597,"tags=36%, list=11%, signal=32%","P05556/P07948/P25116/O00161/Q9NRY4/P02671/P47712/P43405/P50552/P12931/Q9NZN5/Q00722/Q13094/P31751/P02679/Q7LDG7","large_artery_atherosclerosis"
"hsa04144","Endocytosis",95,-0.480101871511599,-1.84541336186504,4.38624487983083e-05,0.012807835049106,0.0060945718330281,1710,"tags=47%, list=32%, signal=33%","P32298/Q9H4P4/Q99963/P00533/P09497/Q9Y6D5/Q8TDY4/P34947/O60749/P61026/P41743/Q96FZ7/P14784/Q99961/P84022/P13747/Q96PU5/Q8N0X7/P40818/O95630/P62330/Q9H201/P63010/Q8TEW0/P0DMV8/Q9Y2X7/Q8IYB5/Q9HD42/Q15276/P02786/Q5JU85/P53990/Q15796/P98082/O75351/O14964/O75154/Q9NP79/P12931/O75061/O43150/Q5SW96/Q9NZN3/Q9Y6I3/Q05193","large_artery_atherosclerosis"
